{
  "sample_ratio_mismatch_p_value": 0.39131464142383887,
  "arm_sizes": {
    "treatment": 816,
    "control": 851
  },
  "conversion_30d": {
    "estimate": 0.06162156401926222,
    "p_value": 0.00021416876692459397,
    "se": 0.016509329977966093,
    "ci_low": 0.029263277262448678,
    "ci_high": 0.09397985077607576,
    "n_treat": 816,
    "n_control": 851
  },
  "orders_30d": {
    "estimate": 0.6115426487868945,
    "p_value": 6.148381298819507e-13,
    "se": 0.08423627947472595,
    "ci_low": 0.4464395410164316,
    "ci_high": 0.7766457565573573,
    "n_treat": 816,
    "n_control": 851
  },
  "gmv_30d": {
    "estimate": 74.80119052114028,
    "p_value": 0.0002089346787039324,
    "se": 20.114546642670565,
    "ci_low": 35.37667910150598,
    "ci_high": 114.2257019407746,
    "n_treat": 816,
    "n_control": 851,
    "bootstrap_ci_low": 36.51424266965254,
    "bootstrap_ci_high": 114.37780829453001
  }
}