{
  "raw_gmv_result": {
    "estimate": 74.80119052114028,
    "p_value": 0.0002089346787039324,
    "se": 20.114546642670565,
    "ci_low": 35.37667910150598,
    "ci_high": 114.2257019407746,
    "n_treat": 816,
    "n_control": 851
  },
  "cuped_gmv_result": {
    "estimate": 66.58658465920072,
    "p_value": 5.117283113991283e-05,
    "se": 16.386518461609157,
    "ci_low": 34.46900847444678,
    "ci_high": 98.70416084395467,
    "n_treat": 816,
    "n_control": 851
  },
  "variance_reduction_fraction": 0.3336600111307332
}